Adam;353;M;2016
Alexandre;197;M;2016
Victor;197;M;2016
Liam;129;M;2016
Ethan;119;M;2016
Ismaël;100;M;2016
Noé;94;M;2016
Baptiste;82;M;2016
Maël;79;M;2016
Ibrahim;71;M;2016
Noam;62;M;2016
Nolan;61;M;2016
Félix;59;M;2016
Léonard;49;M;2016
Anatole;45;M;2016
Quentin;44;M;2016
Henri;40;M;2016
Hadrien;36;M;2016
Noham;35;M;2016
Hamza;31;M;2016
Antonin;30;M;2016
Nino;30;M;2016
Pablo;30;M;2016
Haroun;28;M;2016
Roméo;27;M;2016
Yann;27;M;2016
Ayden;26;M;2016
Marcel;25;M;2016
Anis;23;M;2016
Ibrahima;23;M;2016
Ryan;23;M;2016
Aurélien;22;M;2016
Aymen;22;M;2016
Luka;21;M;2016
Constantin;20;M;2016
Ewen;20;M;2016
Vincent;20;M;2016
Iyad;19;M;2016
Johan;19;M;2016
Youssouf;18;M;2016
Aksel;17;M;2016
Etienne;17;M;2016
Ilyas;17;M;2016
Timéo;17;M;2016
Elliott;16;M;2016
François;16;M;2016
Anthony;15;M;2016
Aurèle;15;M;2016
Charlie;15;M;2016
Iyed;15;M;2016
Amadou;14;M;2016
Eugène;14;M;2016
Boubacar;13;M;2016
Mattia;13;M;2016
Owen;13;M;2016
Abdoul;11;M;2016
Logan;11;M;2016
Melchior;11;M;2016
Oliver;11;M;2016
Angelo;10;M;2016
Farès;10;M;2016
Giovanni;10;M;2016
Jérémie;10;M;2016
Jérémy;10;M;2016
Younès;10;M;2016
Alessandro;9;M;2016
Bilel;9;M;2016
Éloi;9;M;2016
Hedi;9;M;2016
Jordan;9;M;2016
Khalil;9;M;2016
Sébastien;9;M;2016
Seydina;9;M;2016
Tim;9;M;2016
Akram;8;M;2016
Aksil;8;M;2016
Clovis;8;M;2016
Joël;8;M;2016
Pharell;8;M;2016
Riyad;8;M;2016
Siméon;8;M;2016
Téo;8;M;2016
Aimé;7;M;2016
Alan;7;M;2016
Aloïs;7;M;2016
Alpha;7;M;2016
Ange;7;M;2016
Camil;7;M;2016
Lior;7;M;2016
Meïr;7;M;2016
Menahem;7;M;2016
Mohammad;7;M;2016
Nour;7;M;2016
Sabri;7;M;2016
Thiago;7;M;2016
Ugo;7;M;2016
Warren;7;M;2016
Ziad;7;M;2016
Aden;6;M;2016
Adriano;6;M;2016
Jacob;12;M;2015
Mateo;12;M;2015
Tao;12;M;2015
Zadig;12;M;2015
Alessandro;11;M;2015
Ivan;11;M;2015
Olivier;11;M;2015
Waël;11;M;2015
Andy;10;M;2015
Calixte;10;M;2015
Damien;10;M;2015
Dany;10;M;2015
Ewen;10;M;2015
Gaétan;10;M;2015
Lazare;10;M;2015
Mattéo;10;M;2015
Yassin;10;M;2015
Yossef;10;M;2015
Aksil;9;M;2015
Aloïs;9;M;2015
Armel;9;M;2015
Jérémy;9;M;2015
Luc;9;M;2015
Melvil;9;M;2015
Yacouba;9;M;2015
Elouan;8;M;2015
Levi;8;M;2015
Loan;8;M;2015
Makan;8;M;2015
Malone;8;M;2015
Morgan;8;M;2015
Mylan;8;M;2015
Yannis;8;M;2015
Yoan;8;M;2015
Adrian;7;M;2015
Daoud;7;M;2015
Eloi;7;M;2015
Guilhem;7;M;2015
Hedi;7;M;2015
Kenzi;7;M;2015
Leon;7;M;2015
Mouhamadou;7;M;2015
Muhammad;7;M;2015
Niels;7;M;2015
Nohé;7;M;2015
Ahmad;6;M;2015
Anass;6;M;2015
Cheikh;6;M;2015
Darius;6;M;2015
Élio;6;M;2015
Ennio;6;M;2015
Idir;6;M;2015
Jonah;6;M;2015
Joud;6;M;2015
Manil;6;M;2015
Marcello;6;M;2015
Michaël;6;M;2015
Nayel;6;M;2015
Philémon;6;M;2015
Rayen;6;M;2015
Taym;6;M;2015
Aïssa;5;M;2015
Aris;5;M;2015
Edward;5;M;2015
Fabien;5;M;2015
Harold;5;M;2015
John;5;M;2015
Juba;5;M;2015
Kilian;5;M;2015
Lukas;5;M;2015
Mady;5;M;2015
Michael;5;M;2015
Moïse;5;M;2015
Oskar;5;M;2015
Seydina;5;M;2015
Swan;5;M;2015
Wesley;5;M;2015
Sarah;174;F;2015
Sofia;137;F;2015
Joséphine;127;F;2015
Margaux;99;F;2015
Valentine;89;F;2015
Alix;81;F;2015
Ava;81;F;2015
Marie;80;F;2015
Suzanne;78;F;2015
Clara;73;F;2015
Pauline;67;F;2015
Alicia;60;F;2015
Laura;58;F;2015
Sophia;58;F;2015
Maya;57;F;2015
Capucine;55;F;2015
Noémie;50;F;2015
Elise;46;F;2015
Assia;43;F;2015
Ella;42;F;2015
Roxane;42;F;2015
Myriam;41;F;2015
Ines;38;F;2015
Mohamed;184;M;2016
Noah;139;M;2016
Sacha;138;M;2016
Oscar;127;M;2016
Nathan;116;M;2016
Samuel;116;M;2016
Antoine;114;M;2016
Thomas;98;M;2016
Aaron;97;M;2016
Simon;92;M;2016
Clément;88;M;2016
Axel;79;M;2016
Rayan;75;M;2016
Alexis;73;M;2016
Valentin;72;M;2016
Auguste;68;M;2016
Jean;65;M;2016
Théo;57;M;2016
Octave;56;M;2016
Amir;52;M;2016
Gabin;50;M;2016
Théodore;48;M;2016
Edgar;46;M;2016
Imran;45;M;2016
Lenny;41;M;2016
Tristan;41;M;2016
Milan;35;M;2016
Marcus;30;M;2016
Joshua;29;M;2016
Romain;29;M;2016
Julien;26;M;2016
Noa;26;M;2016
Ousmane;26;M;2016
Esteban;24;M;2016
Max;24;M;2016
Sami;24;M;2016
Yacine;24;M;2016
Jacques;23;M;2016
Léandre;23;M;2016
Ilan;21;M;2016
Mathéo;21;M;2016
Oumar;20;M;2016
Darius;19;M;2016
Wael;19;M;2016
Swann;17;M;2016
Leonardo;16;M;2016
Loïc;16;M;2016
Bastien;15;M;2016
Virgile;15;M;2016
Elijah;14;M;2016
Aubin;13;M;2016
Ben;13;M;2016
Matthias;13;M;2016
Bakary;12;M;2016
Imrane;12;M;2016
Kamil;12;M;2016
Colin;11;M;2016
Dorian;11;M;2016
Naïl;11;M;2016
Adil;10;M;2016
Mahamadou;10;M;2016
Orso;10;M;2016
Rémy;10;M;2016
Abraham;9;M;2016
Aidan;9;M;2016
Alassane;9;M;2016
Archibald;9;M;2016
Ayman;9;M;2016
Dario;9;M;2016
Henry;9;M;2016
Ilhan;9;M;2016
Jacob;9;M;2016
Kassim;9;M;2016
Louay;9;M;2016
Marley;9;M;2016
Matias;9;M;2016
Morgan;9;M;2016
Vladimir;9;M;2016
Eloi;8;M;2016
Giacomo;8;M;2016
Harouna;8;M;2016
Jonah;8;M;2016
Mattéo;8;M;2016
Timothy;8;M;2016
Andy;7;M;2016
Eyal;7;M;2016
Jean-Baptiste;7;M;2016
Macéo;7;M;2016
Sebastian;7;M;2016
Soulayman;7;M;2016
Tidiane;7;M;2016
Yannis;7;M;2016
Zack;7;M;2016
Alec;6;M;2016
Bryan;6;M;2016
Célian;6;M;2016
Christ;6;M;2016
Eddy;6;M;2016
Emir;6;M;2016
Gael;6;M;2016
Isabelle;8;F;2006
Isaure;19;F;2006
Jean;65;M;2006
Jeremy;10;M;2006
Jessica;22;F;2006
Jessy;10;X;2006
Joachim;22;M;2006
Joana;11;F;2006
Jonas;23;M;2006
Josephine;67;F;2006
Josue;6;M;2006
Judith;26;F;2006
Julia;91;F;2006
Juliana;7;F;2006
Juliette;149;F;2006
Kacper;6;M;2006
Kadiatou;13;F;2006
Kenzo;9;M;2006
Kiara;9;F;2006
Laszlo;8;M;2006
Laura;81;F;2006
Lauriane;7;F;2006
Lea;184;F;2006
Leandre;12;M;2006
Leane;29;F;2006
Leïla;13;F;2006
Lenny;36;M;2006
Leonard;43;M;2006
Liam;25;M;2006
Lilian;20;M;2006
Lilou;44;F;2006
Lilya;13;F;2006
Lina;114;F;2006
Lindsay;6;F;2006
Lino;10;M;2006
Logan;7;M;2006
Lola;80;F;2006
Lou;101;F;2006
Louise;218;F;2006
Luc;16;M;2006
Lucas;168;M;2006
Ludivine;21;F;2006
Ludmila;7;F;2006
Luna;60;F;2006
Maceo;6;M;2006
Maeva;6;F;2006
Mahault;8;F;2006
Maïmouna;24;F;2006
Margaux;69;F;2006
Margot;72;F;2006
Marie-Lou;6;F;2006
Marwa;12;F;2006
Mateo;11;M;2006
Mathis;124;M;2006
Matteo;45;M;2006
Maximilien;34;M;2006
Mayssa;10;F;2006
Melvil;11;M;2006
Melvin;14;M;2006
Milena;7;F;2006
Milla;6;F;2006
Mouhamed;6;M;2006
Naëlle;6;F;2006
Naïma;6;F;2006
Naya;6;F;2006
Nell;9;F;2006
Neo;6;M;2006
Nesrine;9;F;2006
Niels;19;M;2006
Nikola;7;M;2006
Nil;8;M;2006
Nine;13;F;2006
Nino;25;M;2006
Ninon;27;F;2006
Nora;16;F;2006
Nouha;7;M;2006
Orlane;8;F;2006
Paolo;11;M;2006
Paula;7;F;2006
Penelope;23;F;2006
Philomène;15;F;2006
Quitterie;13;F;2006
Rachel;18;F;2006
Rahma;6;F;2006
Raphaëlle;30;F;2006
Rayane;67;M;2006
Rayen;10;M;2006
Remi;29;M;2006
Rokia;7;F;2006
Rose;68;F;2006
Ryan;37;M;2006
Sam;12;M;2006
Sami;21;M;2006
Satine;6;F;2006
Sean;11;M;2006
Sherine;6;F;2006
Sirine;24;F;2006
Souleymane;18;M;2006
Swann;7;M;2006
Taïna;7;F;2006
Rim;9;F;2004
Rodrigue;7;M;2004
Romane;98;F;2004
Romeo;25;M;2004
Rosalie;22;F;2004
Sabri;7;M;2004
Sacha;136;M;2004
Saïd;7;M;2004
Salim;9;M;2004
Sam;15;M;2004
Samba;11;M;2004
Sana;7;F;2004
Sarah;204;F;2004
Sasha;43;F;2004
Sekou;8;M;2004
Selma;20;F;2004
Serena;7;F;2004
Sirine;18;F;2004
Sixtine;35;F;2004
Sofia;58;F;2004
Solveig;6;F;2004
Sophia;28;F;2004
Steven;18;M;2004
Syrine;14;F;2004
Tara;12;F;2004
Tatiana;15;F;2004
Terence;6;M;2004
Thea;11;F;2004
Theophile;34;M;2004
Thibault;52;M;2004
Thibaut;18;M;2004
Tiffany;9;F;2004
Tiphaine;24;F;2004
Valentin;90;M;2004
Victoria;76;F;2004
Vincent;69;M;2004
Violette;40;F;2004
Virginie;8;F;2004
Wilfried;6;M;2004
William;66;M;2004
Wilson;7;M;2004
Yacine;44;M;2004
Yann;56;M;2004
Yaron;7;M;2004
Yohan;19;M;2004
Yona;15;F;2004
Yossef;6;M;2004
Yousra;11;F;2004
Zoe;109;F;2004
Abigaël;6;F;2004
Achille;29;M;2004
Adrien;138;M;2004
Aïssata;8;F;2004
Albane;16;F;2004
Albert;6;M;2004
Alec;7;M;2004
Alexia;29;F;2004
Aline;12;F;2004
Alissa;6;F;2004
Amandine;30;F;2004
Ambre;74;F;2004
Amira;18;F;2004
Anaelle;7;F;2004
Ange;15;M;2004
Anton;16;M;2004
Antonin;46;M;2004
Antony;11;M;2004
Aris;6;M;2004
Armand;28;M;2004
Arthus;9;M;2004
Augustin;73;M;2004
Ben;7;M;2004
Bertille;13;F;2004
Bilal;21;M;2004
Blanche;37;F;2004
Boris;7;M;2004
Calvin;6;M;2004
Camil;7;M;2004
Catherine;13;F;2004
Cecile;36;F;2004
Cedric;21;M;2004
Cheikh;10;M;2004
Christophe;18;M;2004
Clarisse;25;F;2004
Cloe;14;F;2004
Clovis;10;M;2004
Cyrielle;7;F;2004
Cyril;14;M;2004
Daniel;34;M;2004
Daouda;9;M;2004
David;87;M;2004
Deborah;10;F;2004
Dina;10;F;2004
Edgar;23;M;2004
Elie;35;M;2004
Elijah;7;M;2004
Elise;62;F;2004
Elyes;15;M;2004
Ema;14;F;2004
Emeline;9;F;2004
Aldo;6;M;2016
Alix;6;M;2016
Artus;6;M;2016
Benoît;6;M;2016
Denis;6;M;2016
Éthan;6;M;2016
Kenny;6;M;2016
Nahel;6;M;2016
Oren;6;M;2016
Shay;6;M;2016
Stéphane;6;M;2016
Zayd;6;M;2016
Ahmad;5;M;2016
Anass;5;M;2016
Andrew;5;M;2016
Assil;5;M;2016
Cheikh;5;M;2016
Clarence;5;M;2016
Éden;5;M;2016
Flavio;5;M;2016
Gianni;5;M;2016
Haron;5;M;2016
Ishaq;5;M;2016
Kays;5;M;2016
Loan;5;M;2016
Mouhammad;5;M;2016
Nathaniel;5;M;2016
Raoul;5;M;2016
Salman;5;M;2016
Seydou;5;M;2016
Tyler;5;M;2016
Yacoub;5;M;2016
Louise;291;F;2016
Anna;141;F;2016
Juliette;136;F;2016
Manon;116;F;2016
Sofia;110;F;2016
Lou;107;F;2016
Mathilde;103;F;2016
Maya;92;F;2016
Agathe;88;F;2016
Léna;85;F;2016
Léonie;81;F;2016
Garance;59;F;2016
Elise;52;F;2016
Hanna;45;F;2016
Sara;43;F;2016
Lana;42;F;2016
Céleste;41;F;2016
Zélie;41;F;2016
Eden;36;F;2016
Lison;32;F;2016
Maryam;31;F;2016
Louisa;29;F;2016
Soline;29;F;2016
Océane;27;F;2016
Chiara;26;F;2016
Violette;25;F;2016
Émilie;24;F;2016
Augustine;23;F;2016
Julie;23;F;2016
Pénélope;23;F;2016
Anastasia;22;F;2016
Rosalie;22;F;2016
Bintou;21;F;2016
Maëlle;21;F;2016
Tessa;21;F;2016
Alba;20;F;2016
Claire;20;F;2016
Norah;20;F;2016
Clarisse;19;F;2016
Billie;18;F;2016
Cléo;17;F;2016
Nelya;16;F;2016
Zaynab;16;F;2016
Élisa;15;F;2016
Lucy;15;F;2016
Rita;15;F;2016
Elina;13;F;2016
Ethel;13;F;2016
Naïla;13;F;2016
Eloïse;12;F;2016
Elyne;12;F;2016
Léane;12;F;2016
Mya;12;F;2016
Noor;12;F;2016
Soraya;12;F;2016
Amandine;11;F;2016
Djeneba;11;F;2016
Enora;11;F;2016
Farah;11;F;2016
Lahna;11;F;2016
Mayar;11;F;2016
Mira;11;F;2016
Sienna;11;F;2016
Thalia;11;F;2016
Alyssa;10;F;2016
Baya;10;F;2016
Cléa;10;F;2016
Coumba;10;F;2016
Éléonore;36;F;2015
Julie;35;F;2015
Aminata;33;F;2015
Faustine;33;F;2015
Alya;29;F;2015
Blanche;29;F;2015
Jasmine;29;F;2015
Nora;29;F;2015
Gabriella;27;F;2015
Paloma;27;F;2015
Ana;26;F;2015
Claire;26;F;2015
Perle;5;F;2015
Tina;5;F;2015
Wendy;5;F;2015
Joakim;7;M;2014
Abdou;7;M;2014
Alassane;7;M;2014
Tidiane;7;M;2014
Yazid;7;M;2014
Selim;7;M;2014
Hélio;7;M;2014
Richard;6;M;2014
Mickaël;6;M;2014
Mory;6;M;2014
Tahar;6;M;2014
Emil;6;M;2014
Swan;6;M;2014
Bruno;6;M;2014
Joris;6;M;2014
Muhammed;6;M;2014
Baudouin;6;M;2014
Louison;6;M;2014
Matias;6;M;2014
Haron;5;M;2014
Adriano;5;M;2014
Flavien;5;M;2014
Lohan;5;M;2014
Joud;5;M;2014
Ely;5;M;2014
Aurel;5;M;2014
Fodé;5;M;2014
Ron;5;M;2014
Téo;5;M;2014
Eytan;5;M;2014
Nathanael;5;M;2014
Roch;5;M;2014
Kiyan;5;M;2014
Arthus;5;M;2014
Fabien;5;M;2014
Sixte;5;M;2014
Leny;5;M;2014
Alpha;5;M;2014
Raphaël;320;M;2015
Victor;208;M;2015
Augustin;146;M;2015
Martin;122;M;2015
Hugo;117;M;2015
Rayan;105;M;2015
Simon;100;M;2015
Enzo;88;M;2015
Léonard;74;M;2015
Eliott;73;M;2015
Ibrahim;71;M;2015
Valentin;71;M;2015
Alexis;70;M;2015
Félix;59;M;2015
Gabin;57;M;2015
Noam;55;M;2015
Antonin;38;M;2015
Rafael;38;M;2015
Solal;38;M;2015
Amaury;36;M;2015
César;36;M;2015
Noham;36;M;2015
Tristan;36;M;2015
Hamza;35;M;2015
Emmanuel;33;M;2015
Luca;32;M;2015
Malo;32;M;2015
Léopold;30;M;2015
Marin;30;M;2015
Émile;29;M;2015
Issa;28;M;2015
Adem;27;M;2015
Idriss;27;M;2015
Jad;27;M;2015
Omar;27;M;2015
Jacques;25;M;2015
Timéo;25;M;2015
Youssouf;25;M;2015
Gaston;23;M;2015
Mohammed;23;M;2015
Thibault;22;M;2015
Yassine;22;M;2015
Owen;21;M;2015
Balthazar;18;M;2015
Emile;18;M;2015
Corentin;17;M;2015
Ismaïl;17;M;2015
Jassim;6;M;2016
Jessim;6;M;2016
Jun;6;M;2016
Mamoudou;6;M;2016
Massil;6;M;2016
Soren;6;M;2016
Swan;6;M;2016
Yacouba;6;M;2016
Amara;5;M;2016
Antoni;5;M;2016
Armel;5;M;2016
Aymeric;5;M;2016
Étienne;5;M;2016
Fadi;5;M;2016
Florian;5;M;2016
Joaquim;5;M;2016
Makan;5;M;2016
Meir;5;M;2016
Pedro;5;M;2016
Ryad;5;M;2016
Sidi;5;M;2016
Stefan;5;M;2016
Alice;208;F;2016
Camille;134;F;2016
Lina;128;F;2016
Gabrielle;114;F;2016
Lucie;92;F;2016
Clara;90;F;2016
Margot;75;F;2016
Suzanne;75;F;2016
Madeleine;74;F;2016
Fatima;46;F;2016
Roxane;46;F;2016
Lila;44;F;2016
Aminata;41;F;2016
Elena;39;F;2016
Elisa;38;F;2016
Lise;37;F;2016
Sophie;37;F;2016
Bérénice;36;F;2016
Myriam;33;F;2016
Hawa;32;F;2016
Hana;31;F;2016
Sirine;31;F;2016
Aliya;29;F;2016
Awa;29;F;2016
Pia;29;F;2016
Thaïs;29;F;2016
Sixtine;28;F;2016
Justine;27;F;2016
Lyna;27;F;2016
Albane;26;F;2016
Mélissa;25;F;2016
Emmy;24;F;2016
Livia;24;F;2016
Alia;22;F;2016
Emna;22;F;2016
Isaure;22;F;2016
Mahaut;22;F;2016
Ana;21;F;2016
Bianca;21;F;2016
Dina;21;F;2016
Aline;20;F;2016
Asma;20;F;2016
Lilou;20;F;2016
Valentina;19;F;2016
Louison;18;F;2016
Léonore;17;F;2016
Andréa;16;F;2016
Astrid;16;F;2016
Flora;16;F;2016
Kenza;16;F;2016
Eugénie;15;F;2016
Evy;15;F;2016
Angèle;14;F;2016
Ania;14;F;2016
Joy;14;F;2016
Judith;14;F;2016
Ayline;13;F;2016
Halima;13;F;2016
Marguerite;13;F;2016
Aria;12;F;2016
Axelle;12;F;2016
Fanny;12;F;2016
Rania;12;F;2016
Tara;12;F;2016
Zahra;12;F;2016
Aïssata;11;F;2016
Anissa;11;F;2016
Fleur;11;F;2016
Léopoldine;11;F;2016
Lydia;11;F;2016
Naomie;11;F;2016
Neïla;11;F;2016
Anne;10;F;2016
Hafsa;10;F;2016
Mayssa;10;F;2016
Solveig;10;F;2016
Dahlia;9;F;2016
Emily;9;F;2016
Tao;12;M;2006
Tess;18;F;2006
Tessa;14;F;2006
Thea;13;F;2006
Theodore;36;M;2006
Thibaud;11;M;2006
Thibaut;12;M;2006
Timothe;25;M;2006
Timothee;48;M;2006
Vanessa;18;F;2006
Vianney;7;M;2006
Wandrille;9;M;2006
William;63;M;2006
Yasmine;71;F;2006
Yoan;13;M;2006
Yoël;6;M;2006
Yves;6;M;2006
Aboubacar;11;M;2006
Aïcha;29;F;2006
Alain;6;M;2006
Alan;13;M;2006
Alassane;9;M;2006
Alba;6;F;2006
Alfred;7;M;2006
Aloïs;11;M;2006
Amar;6;M;2006
Amelie;29;F;2006
Amy;7;F;2006
Anaëlle;26;F;2006
Anas;10;M;2006
Anastasia;19;F;2006
Andrea;31;F;2006
Andrea;33;F;2006
Angela;8;F;2006
Angelina;24;F;2006
Anis;31;M;2006
Anne;18;F;2006
Anouk;44;F;2006
Antonin;41;M;2006
Armance;6;F;2006
Armand;37;M;2006
Arno;7;M;2006
Aude;16;F;2006
Awa;21;F;2006
Ayoub;20;M;2006
Berenice;25;F;2006
Bertille;7;F;2006
Bilal;19;M;2006
Bintou;19;F;2006
Carlotta;8;F;2006
Cecile;19;F;2006
Celeste;24;F;2006
Celestine;7;F;2006
Celia;49;F;2006
Charles;77;M;2006
Christina;7;F;2006
Christophe;13;M;2006
Clarisse;36;F;2006
Clovis;16;M;2006
Colette;10;F;2006
Coumba;7;F;2006
Cyril;18;M;2006
Daphne;39;F;2006
David;83;M;2006
Dorian;36;M;2006
Eden;49;F;2006
Edgar;33;M;2006
Elias;8;M;2006
Elisabeth;12;F;2006
Elodie;22;F;2006
Ely;9;X;2006
Emile;7;M;2006
Anaelle;6;F;2010
Anaïs;122;F;2010
Anatole;31;M;2010
Anouk;47;F;2010
Anthony;22;M;2010
Anton;38;M;2010
Antonin;38;M;2010
Apolline;78;F;2010
Assa;11;F;2010
Astrid;15;F;2010
Audrey;17;F;2010
Aurore;24;F;2010
Ayman;9;M;2010
Baya;6;F;2010
Benjamin;93;M;2010
Berenice;36;F;2010
Blandine;6;F;2010
Boubacar;10;M;2010
Brieuc;6;M;2010
Bruno;7;M;2010
Calixte;14;M;2010
Camelia;21;F;2010
Capucine;71;F;2010
Carla;20;F;2010
Caroline;7;F;2010
Cassandra;15;F;2010
Cecile;13;F;2010
Celia;28;F;2010
Emily;13;F;2004
Emmy;10;F;2004
Enguerrand;7;M;2004
Eugène;7;M;2004
Eulalie;7;F;2004
Eva;139;F;2004
Evan;28;M;2004
Ewen;13;M;2004
Eyal;12;M;2004
Fanny;24;F;2004
Fatoumata;56;F;2004
Ferdinand;16;M;2004
Flavie;16;F;2004
François;34;M;2004
Frederic;11;M;2004
Gabriel;252;M;2004
Gaëlle;11;F;2004
Gaspard;100;M;2004
Hamza;23;M;2004
Hana;8;F;2004
Hanna;17;F;2004
Harry;6;M;2004
Hawa;15;F;2004
Hector;28;M;2004
Hortense;22;F;2004
Ines;10;F;2004
Ines;29;F;2004
Iris;46;F;2004
Jasmine;20;F;2004
Jeanne;156;F;2004
Julie;119;F;2004
Valentina;6;F;2005
Vianney;6;M;2005
Victoria;88;F;2005
Violette;61;F;2005


Yacine;24;M;2005
Yanis;125;M;2005
Yannis;22;M;2005
Yohann;7;M;2005
Youssouf;14;M;2005
Yuna;9;F;2005
Yvan;9;M;2005
Mathys;22;M;2005
Matthew;6;M;2005
Matthias;25;M;2005
Melchior;7;M;2005
Michel;11;M;2005
Mohamed;155;M;2005
Mohamed-Amine;9;M;2005
Mohammed;15;M;2005
Morgane;36;F;2005
Natasha;6;F;2005
Nicolas;138;M;2005
Nine;6;F;2005
Ninon;35;F;2005
Noe;102;M;2005
Nolan;14;M;2005
Nour;34;F;2005
Olivier;32;M;2005
Ombeline;12;F;2005
Ophelie;8;F;2005
Orlane;9;F;2005
Oumou;12;F;2005
Ousmane;16;M;2005
Owen;17;M;2005
Patrick;8;M;2005
Perrine;13;F;2005
Philomène;6;F;2005
Pierre;135;M;2005
Prune;22;F;2005
Rami;10;M;2005
Raphaël;269;M;2005
Rebecca;7;F;2005
Rim;6;F;2005
Rivka;7;F;2005
Riyad;6;M;2005
Robinson;12;M;2005
Roxane;29;F;2005
Rudy;8;M;2005
Safa;9;F;2005
Salma;25;F;2005
Sarah;221;F;2005
Sean;7;M;2005
Sienna;6;F;2005
Sirine;26;F;2005
Solène;34;F;2005
Souleymane;13;M;2005
Stephane;7;M;2005
Stephanie;8;F;2005
Tania;12;F;2005
Terence;8;M;2005
Tessa;6;F;2005
Thaïs;25;F;2005
Theophane;7;M;2005
Theophile;33;M;2005
Thibaud;10;M;2005
Timeo;10;M;2005
Timothe;25;M;2005
Abdoul;6;M;2006
Achille;42;M;2006
Elyssa;10;F;2016
Laure;10;F;2016
Matilda;10;F;2016
Talia;10;F;2016
Talya;10;F;2016
Aimée;9;F;2016
Angela;9;F;2016
Carla;9;F;2016
Fatimata;9;F;2016
Mariame;9;F;2016
Syrine;9;F;2016
Adeline;8;F;2016
Gisèle;8;F;2016
Izia;8;F;2016
Jessica;8;F;2016
Philomène;8;F;2016
Razane;8;F;2016
Sadio;8;F;2016
Safa;8;F;2016
Sira;8;F;2016
Assya;7;F;2016
Gabriela;7;F;2016
Janna;7;F;2016
Maëva;7;F;2016
Oriane;7;F;2016
Séléna;7;F;2016
Zayneb;7;F;2016
Abby;6;F;2016
Anita;6;F;2016
Camilia;6;F;2016
Éléa;6;F;2016
Eleanor;6;F;2016
Iliana;6;F;2016
Johanne;6;F;2016
Kheira;6;F;2016
Lauren;6;F;2016
Liana;6;F;2016
Lital;6;F;2016
Malia;6;F;2016
Matilde;6;F;2016
Maud;6;F;2016
Nahla;6;F;2016
Saskia;6;F;2016
Shaïna;6;F;2016
Simone;6;F;2016
Alyah;5;F;2016
Appoline;5;F;2016
Athéna;5;F;2016
Audrey;5;F;2016
Elyana;5;F;2016
Geneviève;5;F;2016
Hadja;5;F;2016
Kendra;5;F;2016
Laya;5;F;2016
Maï;5;F;2016
Maxime;5;F;2016
Saja;5;F;2016
Samira;5;F;2016
Ivy;6;F;2015
Janna;6;F;2015
Kendra;6;F;2015
Leïa;6;F;2015
Linoy;6;F;2015
Loane;6;F;2015
Nathalie;6;F;2015
Nélya;6;F;2015
Safia;6;F;2015
Salimata;6;F;2015
Alima;5;F;2015
Blessing;5;F;2015
Dyna;5;F;2015
Florence;5;F;2015
Layna;5;F;2015
Matilda;5;F;2015
Matilde;5;F;2015
Aaron;55;M;2004
Abdellah;6;M;2004
Adam;169;M;2004
Agathe;72;F;2004
Ahmed;33;M;2004
Aïcha;22;F;2004
Aïssatou;15;F;2004
Alban;13;M;2004
Alexis;149;M;2004
Alix;80;F;2004
Alma;19;F;2004
Amara;6;M;2004
Amaury;36;M;2004
Amel;13;F;2004
Amelia;6;F;2004
Aminata;41;F;2004
Amir;22;M;2004
Ana;24;F;2004
Anastasia;24;F;2004
Andy;19;M;2004
Angèle;29;F;2004
Angelique;13;F;2004
Angelo;9;M;2004
Anna;117;F;2004
Anthony;41;M;2004
Aboubacar;16;M;2015
Noa;16;M;2015
Rafaël;16;M;2015
Raphael;16;M;2015
Aymen;15;M;2015
Gaël;15;M;2015
Mahé;15;M;2015
Eliot;14;M;2015
Iyad;14;M;2015
Leo;14;M;2015
Florian;13;M;2015
Sam;13;M;2015
Vincent;13;M;2015
Yohan;13;M;2015
Brune;25;F;2015
Selma;25;F;2015
Clémentine;23;F;2015
Imane;22;F;2015
Louna;21;F;2015
Nélia;21;F;2015
Aliénor;20;F;2015
Oumou;20;F;2015
Sixtine;20;F;2015
Valentina;20;F;2015
Asma;19;F;2015
Colette;19;F;2015
Ellie;19;F;2015
Cassandre;18;F;2015
Mahaut;17;F;2015
Marion;17;F;2015
Mina;17;F;2015
Kenza;16;F;2015
Lilya;16;F;2015
Syrine;16;F;2015
Théa;16;F;2015
Alexia;15;F;2015
Angèle;15;F;2015
Émilie;15;F;2015
Océane;15;F;2015
Augustine;14;F;2015
Candice;14;F;2015
Ninon;14;F;2015
Noor;14;F;2015
Hanaé;13;F;2015
Izia;13;F;2015
Jessica;13;F;2015
Lahna;13;F;2015
Aïda;12;F;2015
Amelia;12;F;2015
Maïmouna;12;F;2015
Nola;12;F;2015
Norah;12;F;2015
Aaliyah;11;F;2015
Alyssa;11;F;2015
Amélia;11;F;2015
Billie;11;F;2015
Elly;11;F;2015
Emmanuelle;11;F;2015
Lili;11;F;2015
Maylis;11;F;2015
Vanessa;11;F;2015
Antonia;10;F;2015
Koumba;10;F;2015
Lyne;10;F;2015
Nelya;10;F;2015
Ysée;10;F;2015
Aïssata;9;F;2015
Anissa;9;F;2015
Anita;9;F;2015
Khadidja;9;F;2015
Marina;9;F;2015
Serena;9;F;2015
Sidonie;9;F;2015
Tania;9;F;2015
Yousra;9;F;2015
Amel;8;F;2015
Audrey;8;F;2015
Calie;8;F;2015
Georgia;8;F;2015
Lilas;8;F;2015
Méline;8;F;2015
Mira;8;F;2015
Sacha;8;F;2015
Yara;8;F;2015
Aude;7;F;2015
Emilia;7;F;2015
Gloria;7;F;2015
Joyce;7;F;2015
Léonor;7;F;2015
Lily-Rose;7;F;2015
Ora;7;F;2015
Tamara;7;F;2015
Alyah;6;F;2015
Armance;6;F;2015
Cassandra;6;F;2015
Christine;6;F;2015
Eléna;6;F;2015
Eliza;6;F;2015
Israa;6;F;2015
Leïna;6;F;2015
Melina;9;F;2016
Rebecca;9;F;2016
Wendy;9;F;2016
Adélie;8;F;2016
Eliana;8;F;2016
Imany;8;F;2016
Ludivine;8;F;2016
Maïlys;8;F;2016
Nadine;8;F;2016
Sabrina;8;F;2016
Solène;8;F;2016
Yaëlle;8;F;2016
Adama;7;F;2016
Ashley;7;F;2016
Charlène;7;F;2016
Dalia;7;F;2016
Domitille;7;F;2016
Hermine;7;F;2016
Patricia;7;F;2016
Sidonie;7;F;2016
Yaël;7;F;2016
Ayah;6;F;2016
Christine;6;F;2016
Clélia;6;F;2016
Esmée;6;F;2016
Félicie;6;F;2016
Gaëlle;6;F;2016
Liza;6;F;2016
Lyana;6;F;2016
Melody;6;F;2016
Oumou;6;F;2016
Priscille;6;F;2016
Ramata;6;F;2016
Rokia;6;F;2016
Aleksandra;5;F;2016
Anaelle;5;F;2016
Athénaïs;5;F;2016
Ayana;5;F;2016
Bertille;5;F;2016
Calie;5;F;2016
Candice;5;F;2016
Cléophée;5;F;2016
Fatim;5;F;2016
Greta;5;F;2016
Hania;5;F;2016
Johanna;5;F;2016
Keren;5;F;2016
Lea;5;F;2016
Leya;5;F;2016
Lilas;5;F;2016
Margo;5;F;2016
Mariem;5;F;2016
Marley;5;F;2016
Marylou;5;F;2016
May;5;F;2016
Rafaela;5;F;2016
Soukaïna;5;F;2016
Vivienne;5;F;2016
Yakine;5;F;2016
Tao;8;M;2012
Thaïs;27;F;2012
Thalia;10;F;2012
Theodore;45;M;2012
Theophile;26;M;2012
Theotime;8;M;2012
Tiago;21;M;2012
Timothee;72;M;2012
Valentin;81;M;2012
Victoria;96;F;2012
Yanis;98;M;2012
Yannis;14;M;2012
Yohan;14;M;2012
Zakary;6;M;2012
Zelie;32;F;2012
Zineb;5;F;2012
Zoe;112;F;2012
Eve;7;F;2013
Alice;229;F;2013
Anna;128;F;2013
Anaïs;123;F;2013
Sofia;112;F;2013
Nina;111;F;2013
Joséphine;106;F;2013
Zoé;104;F;2013
Victoire;91;F;2013
Mila;90;F;2013
Mathilde;88;F;2013
Clémence;86;F;2013
Charlie;75;F;2013
Alix;72;F;2013
Aya;67;F;2013
Elisa;66;F;2013
Pauline;62;F;2013
Madeleine;49;F;2013
Elise;48;F;2013
Eléonore;45;F;2013
Giulia;45;F;2013
Ella;42;F;2013
Sophie;38;F;2013
Noa;36;F;2013
Chahine;8;M;2010
Chaïma;11;F;2010
Charles;73;M;2010
Christian;15;M;2010
Christine;7;F;2010
Christophe;12;M;2010
Christopher;6;M;2010
Claire;36;F;2010
Clarence;11;M;2010
Clemence;111;F;2010
Colin;9;M;2010
Constantin;15;M;2010
Corentin;36;M;2010
Curtis;8;M;2010
Cyrine;7;F;2010
Damien;22;M;2010
Dana;9;F;2010
Daphnee;7;F;2010
Diane;75;F;2010
Diego;46;M;2010
Dina;20;F;2010
Divine;8;F;2010
Elea;22;F;2010
Elena;9;F;2010
Elie;6;M;2010
Eliot;23;M;2010
Elyas;15;M;2010
Emir;11;M;2010
Emmie;6;F;2010
Eric;15;M;2010
Estelle;12;F;2010
Evann;8;M;2010
Fanta;23;F;2010
Fatim;6;F;2010
Fatimata;8;F;2010
Fatoumata;58;F;2010
Fiona;10;F;2010
Gabin;58;M;2010
Gabriel;398;M;2010
Georges;16;M;2010
Giulia;25;F;2010
Goundo;9;F;2010
Gustave;32;M;2010
Haby;6;F;2010
Halima;9;F;2010
Hana;14;F;2010
Hannah;25;F;2010
Haron;6;M;2010
Helena;6;F;2010
Heloïse;81;F;2010
Ibrahim;50;M;2010
Ilyan;13;M;2010
Jeremy;20;M;2010
Jerôme;6;M;2010
Jibril;11;M;2010
Jihane;7;F;2010
Joey;9;M;2010
Joseph;120;M;2010
Josue;8;M;2010
Julia;85;F;2010
Julien;60;M;2010
Juliette;165;F;2010
Justine;57;F;2010
Kadiatou;8;F;2010
Kahina;11;F;2010
Karamba;7;M;2010
Karl;10;M;2010
Kenzi;6;M;2010
Kiara;11;F;2010
Kilian;6;M;2010
Kyllian;9;M;2010
Lahna;7;F;2010
Lassana;13;M;2010
Laure;15;F;2010
Lea;175;F;2010
Lena;39;F;2010
Leonie;55;F;2010
Leyna;6;F;2010
Liam;58;M;2010
Lila;37;F;2010
Lilou;35;F;2010
Lily;58;F;2010
Linda;8;F;2010
Liora;9;F;2010
Lison;23;F;2010
Liza;10;F;2010
Loane;10;F;2010
Lou-Anne;7;F;2010
Louison;17;F;2010
Luan;6;X;2010
Lucia;10;F;2010
Lucile;38;F;2010
Lucille;8;F;2010
Lydia;13;F;2010
Mael;10;M;2010
Maëlle;25;F;2010
Maelys;11;F;2010
Maïmouna;13;F;2010
Maksim;6;M;2010
